{
  "n_qubits": 10,
  "n_layers": 2,
  "n_qparams": 60,
  "n_inits": 200,
  "batch": 32,
  "backend": "default.qubit",
  "grad_var_mean": 1.535919796369608e-06,
  "grad_var_max": 7.229258109096709e-06,
  "grad_var_first": 2.6694541585648786e-06,
  "grad_abs_mean": 0.0007337293859946386,
  "grad_abs_max": 0.0180246252566576,
  "wall_time_s": 14.799601599996095,
  "seconds_per_init": 0.07399800799998048
}