{
  "n_qubits": 10,
  "n_layers": 8,
  "n_qparams": 240,
  "n_inits": 200,
  "batch": 32,
  "backend": "default.qubit",
  "grad_var_mean": 1.726531627415469e-06,
  "grad_var_max": 4.456544892245012e-06,
  "grad_var_first": 1.157164652047738e-06,
  "grad_abs_mean": 0.001005083016061063,
  "grad_abs_max": 0.007101533934473991,
  "wall_time_s": 59.401198500003375,
  "seconds_per_init": 0.29700599250001686
}