{
  "n_qubits": 12,
  "n_layers": 4,
  "n_qparams": 144,
  "n_inits": 200,
  "batch": 32,
  "backend": "default.qubit",
  "grad_var_mean": 5.077558505204503e-07,
  "grad_var_max": 1.3186691238620183e-06,
  "grad_var_first": 5.31919044849478e-07,
  "grad_abs_mean": 0.0005257294954618643,
  "grad_abs_max": 0.004331565462052822,
  "wall_time_s": 34.59186660000705,
  "seconds_per_init": 0.17295933300003527
}