{
  "n_qubits": 12,
  "n_layers": 2,
  "n_qparams": 72,
  "n_inits": 200,
  "batch": 32,
  "backend": "default.qubit",
  "grad_var_mean": 2.2898657287878097e-06,
  "grad_var_max": 1.3594692138622283e-05,
  "grad_var_first": 5.36140324170858e-06,
  "grad_abs_mean": 0.0007152458281642159,
  "grad_abs_max": 0.02406635507941246,
  "wall_time_s": 24.63491839999915,
  "seconds_per_init": 0.12317459199999575
}