{
  "n_qubits": 2,
  "n_layers": 4,
  "n_qparams": 24,
  "n_inits": 200,
  "batch": 32,
  "backend": "default.qubit",
  "grad_var_mean": 7.136270251193568e-05,
  "grad_var_max": 0.00018082756440623157,
  "grad_var_first": 0.0001020476727926468,
  "grad_abs_mean": 0.005883078831700234,
  "grad_abs_max": 0.04097484424710274,
  "wall_time_s": 4.624307000005501,
  "seconds_per_init": 0.023121535000027508
}