{
  "n_qubits": 4,
  "n_layers": 2,
  "n_qparams": 24,
  "n_inits": 200,
  "batch": 32,
  "backend": "default.qubit",
  "grad_var_mean": 6.559044011122382e-05,
  "grad_var_max": 0.00018711069480754198,
  "grad_var_first": 5.3759974469710624e-05,
  "grad_abs_mean": 0.005103948323119975,
  "grad_abs_max": 0.05122612044215202,
  "wall_time_s": 4.313585099996999,
  "seconds_per_init": 0.021567925499984996
}