{
  "n_qubits": 4,
  "n_layers": 8,
  "n_qparams": 96,
  "n_inits": 200,
  "batch": 32,
  "backend": "default.qubit",
  "grad_var_mean": 0.00038430559911219246,
  "grad_var_max": 0.0008020755259145046,
  "grad_var_first": 0.00011073832229673555,
  "grad_abs_mean": 0.015062673157491654,
  "grad_abs_max": 0.08978260308504105,
  "wall_time_s": 17.057430500004557,
  "seconds_per_init": 0.08528715250002278
}