{
  "n_qubits": 4,
  "n_layers": 4,
  "n_qparams": 48,
  "n_inits": 200,
  "batch": 32,
  "backend": "default.qubit",
  "grad_var_mean": 0.00018119114749560076,
  "grad_var_max": 0.0004911112685438498,
  "grad_var_first": 8.107722512271189e-05,
  "grad_abs_mean": 0.009897956630194358,
  "grad_abs_max": 0.06875340640544891,
  "wall_time_s": 9.95770540000376,
  "seconds_per_init": 0.049788527000018803
}