{
  "n_qubits": 6,
  "n_layers": 2,
  "n_qparams": 36,
  "n_inits": 200,
  "batch": 32,
  "backend": "default.qubit",
  "grad_var_mean": 3.244321324227959e-05,
  "grad_var_max": 0.0001333574699751932,
  "grad_var_first": 5.18774210337957e-05,
  "grad_abs_mean": 0.0035449308610331323,
  "grad_abs_max": 0.05612447112798691,
  "wall_time_s": 4.451887199989869,
  "seconds_per_init": 0.022259435999949347
}