{
  "n_qubits": 6,
  "n_layers": 1,
  "n_qparams": 18,
  "n_inits": 200,
  "batch": 32,
  "backend": "default.qubit",
  "grad_var_mean": 2.877660813043528e-05,
  "grad_var_max": 0.00011651025859289949,
  "grad_var_first": 5.75920365685995e-05,
  "grad_abs_mean": 0.0025138237676711286,
  "grad_abs_max": 0.04395744204521179,
  "wall_time_s": 3.3553639000019757,
  "seconds_per_init": 0.01677681950000988
}