{
  "n_qubits": 6,
  "n_layers": 4,
  "n_qparams": 72,
  "n_inits": 200,
  "batch": 32,
  "backend": "default.qubit",
  "grad_var_mean": 2.281921352459206e-05,
  "grad_var_max": 5.109324613794096e-05,
  "grad_var_first": 1.0896533612313636e-05,
  "grad_abs_mean": 0.003545448790644154,
  "grad_abs_max": 0.0269867405295372,
  "wall_time_s": 14.520090600002732,
  "seconds_per_init": 0.07260045300001366
}