{
  "n_qubits": 8,
  "n_layers": 4,
  "n_qparams": 96,
  "n_inits": 200,
  "batch": 32,
  "backend": "default.qubit",
  "grad_var_mean": 5.540995432272418e-06,
  "grad_var_max": 1.691615303228034e-05,
  "grad_var_first": 3.160912763726789e-06,
  "grad_abs_mean": 0.001740087297850029,
  "grad_abs_max": 0.015985233709216118,
  "wall_time_s": 12.031005700002424,
  "seconds_per_init": 0.06015502850001212
}