{
  "n_qubits": 8,
  "n_layers": 2,
  "n_qparams": 48,
  "n_inits": 200,
  "batch": 32,
  "backend": "default.qubit",
  "grad_var_mean": 6.980850410450611e-06,
  "grad_var_max": 2.5056457929497787e-05,
  "grad_var_first": 7.71581193960471e-06,
  "grad_abs_mean": 0.0015818072845789348,
  "grad_abs_max": 0.02999160997569561,
  "wall_time_s": 7.429786599997897,
  "seconds_per_init": 0.03714893299998948
}