{
  "n_qubits": 8,
  "n_layers": 1,
  "n_qparams": 24,
  "n_inits": 200,
  "batch": 32,
  "backend": "default.qubit",
  "grad_var_mean": 3.033010474529108e-05,
  "grad_var_max": 0.00018514504733569307,
  "grad_var_first": 8.446577652140096e-05,
  "grad_abs_mean": 0.0023780144704402604,
  "grad_abs_max": 0.04924054071307182,
  "wall_time_s": 8.711823899997398,
  "seconds_per_init": 0.04355911949998699
}